lda_1,lda_2,class
-2.0571372029834105,0.9697722491795021,0
-1.8813489974735247,0.9673314878597726,0
-2.063605725485951,1.088297391185671,0
-2.017505972716727,1.0971066249549828,0
-2.1838550580820226,1.0011612947328212,0
-2.004313066987753,0.9544922782115348,0
-2.168315464671449,0.8925480345207291,0
-2.2193107827580127,1.044777326850445,0
-2.2342443277138138,1.0969601906644328,0
-1.7773172022664578,1.0705260158929943,0
-1.941999305610598,1.0248008795246681,0
-2.3648599772513514,0.8663161157236565,0
-2.1563180470300054,1.0527836910107997,0
-2.431333755040915,0.9243675970561503,0
-2.557710183296498,0.9334203773676071,0
-1.9521863411671556,1.0291180134215911,0
-2.082333714905011,1.0442641747430146,0
-1.8222069354754369,1.094045085465397,0
-2.187942332875756,1.0593191904673447,0
-2.153927878623149,0.9984768924412812,0
-1.941126504125955,1.092706806077082,0
-2.269075776324975,0.993139825845627,0
-2.0638660417397157,1.0290738712939416,0
-2.20163980292244,0.9925506568014713,0
-1.3648437904821937,1.081479674377526,0
-2.116122974284716,1.0179480505167722,0
-2.1829776647858727,1.0023183973205065,0
-1.827304376944031,1.009431975313962,0
-2.0761428754284346,0.9994086002198588,0
-2.0840413884145463,0.9052625623652681,0
-1.8858293287930354,1.0437083289143398,0
-1.8825084047160259,1.0428271005550944,0
-2.086450793172952,0.847399869507636,0
-2.0527443671208174,0.9942508095887606,0
-2.3824231464334655,0.9500011412967073,0
-2.036050675840189,0.9526717166210077,0
-2.300003321345715,1.0160900579012822,0
-2.3585243697964713,1.034950874523785,0
-2.2821007513909155,1.0650064811405697,0
-2.04584641835427,1.0262767904509165,0
-2.4349349533632956,0.8559563705531301,0
-2.232228289934081,0.9319745963819959,0
-2.137165436258779,1.014060873910822,0
-2.137800781238566,0.942961079580414,0
-2.136709666659098,0.796326097166392,0
-2.1732616539596727,0.9623954947672431,0
-2.199209212614177,0.9923038480584618,0
-2.3023627706262055,0.9851454936758941,0
-2.0444640774797938,1.0510919081378902,0
-1.623186798230153,1.070014870924205,0
-2.3497647683786664,0.9925280401833627,0
-2.2474682695803256,1.010757424852627,0
-1.882518965005496,1.0573735737511414,0
-1.9117261282489895,1.0163557737945612,0
-2.02926397859737,1.0742435066893823,0
-2.1920517049768358,0.9931614165235438,0
-2.070874871267988,1.043489292921517,0
-2.295256951026714,0.9207712715445024,0
-2.4603183738701833,0.8040951136315442,0
-1.916867415346992,0.9901084780611294,0
-2.3337937225779752,0.9091603703355264,0
-2.1114210026974654,1.1245712942778694,0
-1.9472942850319959,0.9461220466763536,0
-2.01980317743861,0.8700259226964328,0
-2.2809919250822057,0.9948349391729276,0
-2.2144942455106964,0.8955957442656998,0
-1.7511632539061792,0.9165343342973707,0
-1.9831634753750391,0.9263883292757752,0
-1.8972224016223573,1.049709601616778,0
-1.8638606253952321,1.0022793454396677,0
-2.130583886205802,0.9608070982617577,0
-1.9374332240553738,1.0035268036921687,0
-2.099163108535906,0.8568122170205091,0
-2.2322488354611587,1.0460948266786363,0
-2.363217316354216,0.9293409802888563,0
-2.193502163179874,0.9676287464974251,0
-2.3175666052071544,0.9474468752001409,0
-2.170866333386298,0.9788648188688203,0
-2.5094735685842,0.7312186419299586,0
-1.6688336612735968,1.011135686845076,0
-1.9392529096114204,1.0974271168642227,0
-2.6012868281090005,0.8110212108701547,0
-1.8987770471994057,0.991798079082444,0
-2.2049465221566766,0.9204999026956168,0
-2.2564583208112543,1.05973720283334,0
-2.0939512442345056,1.0408893871138338,0
-1.9634063673208777,1.0259355557708212,0
-1.8821504128647548,1.0823766574355538,0
-2.111081943413841,1.1262478571757442,0
-1.945947756016853,1.0619282749697698,0
-2.2808692299087987,0.9716753042814175,0
-1.8954312466897896,1.0365183959178599,0
-1.772561829667098,0.9728849224565659,0
-2.0569716719679865,1.0188193947970172,0
-2.1967533418239484,0.9535564195496908,0
-2.0543944380704593,0.9947530304074236,0
-2.204972055204314,0.9509143965014142,0
-2.2078206616976646,1.0509811346934648,0
-2.172161037434125,1.0238460623334513,0
-1.9772858702709684,1.1617416330671244,0
-2.416625471298491,0.8860265598184591,0
-2.09728942918972,1.0153951588398231,0
-2.033936767096097,1.0116511084387054,0
-2.2877573566464315,0.9398766837178781,0
-1.916318541799954,1.0947010338865042,0
-1.6449806172485923,1.0553008862951694,0
-2.008158198873233,0.9748528985754482,0
-2.004872331724072,0.9969513517788332,0
-1.8835215869337227,1.0509576676945458,0
-2.4121836063829325,0.9623355297091739,0
-2.327760390451623,0.9550249396616186,0
-2.188231261712762,0.9503080790307166,0
-2.089416241799254,1.078207972113693,0
-2.3279500004281894,1.0117894847488174,0
-2.352218944710592,0.959271661572888,0
-2.1771020396321874,0.9401543376666519,0
-2.0358195950567137,0.8430678887386199,0
-2.103168901497084,1.0191661187717944,0
-1.8315199907890996,1.0780181728387825,0
-1.9637435442194682,0.9454307021643511,0
-2.092748818431596,0.9840873819298865,0
-1.9221531774439562,1.0767342252994396,0
-2.3699821064420683,1.0001352054601238,0
-2.1702131407379257,1.0373198534112162,0
-2.2297093043809197,1.0144007644084334,0
-2.117826315181821,0.9443318821730894,0
-1.777811578732799,1.044591974404017,0
-2.2880685937015635,0.9275168766463675,0
-1.998276728758481,1.1110618797516705,0
-2.3140160907377227,0.9744577435072665,0
-1.9357927681478093,1.0471025002930452,0
-2.442585315713561,1.003249196055172,0
-1.8987663522595897,1.0252722475319624,0
-2.2492735901828858,0.9125010202067838,0
-2.4090906580238376,0.9259960731038811,0
-1.8367399325512144,1.125117149099208,0
-2.202559112493531,1.0478211329547766,0
-1.809215532016088,1.0439951403016954,0
-2.119506913980244,0.8122675392068354,0
-2.128505317561171,1.039492327792688,0
-1.9629481452799384,0.916332978610776,0
-2.386229013187619,1.0032468583044227,0
-2.015042520830613,0.9467897101934392,0
-2.0620196182256443,0.9565269886666303,0
-2.202319804266992,0.9992860907153867,0
-2.1362402240989073,0.9637922779482053,0
-2.169747170755091,1.000650343477438,0
-2.174661566209151,1.0053892521969456,0
-1.9452509586497098,1.0535509689405087,0
-2.3229121438386993,1.1073853696878626,0
-1.8683500191686273,0.9990384836960099,0
-1.9962769811064405,0.9082747871284161,0
-1.855458809009701,1.0342903498213947,0
-2.0740148144652086,1.0490685585204458,0
-2.353070828480944,0.9219110998124693,0
-1.76369006862692,1.1304105745783164,0
-2.024887970041805,1.0694885602525377,0
-1.5886680921505996,0.9875732538546733,0
-2.0892187231205406,1.1177404662789203,0
-2.3149233510701808,1.0434324084412088,0
-2.0970460016180725,1.0463944613181557,0
-1.85948399075956,1.0113127594146665,0
-2.092092110376307,1.0522235119526484,0
-2.3742219187963025,0.9166959137310073,0
-2.1071235406024766,1.0560079398974709,0
-1.973269286653606,0.8425834510692733,0
-2.070920501557641,0.9693366245797697,0
-2.250585187257809,1.0445672143853308,0
-2.222487458682378,0.8820030348380288,0
-2.2394263664845813,0.9043829351631064,0
-2.049367396476675,1.0900306185185429,0
-1.9911267641522992,1.050358797565688,0
-1.9848522688410983,1.0382580924114666,0
-1.8709935902185062,1.0313654251293796,0
-2.296389751440218,0.8487201734489945,0
-1.7863606342633307,1.0668506970065927,0
-2.0425260840331725,0.9097613103465003,0
-1.8072861605175492,1.114889864309314,0
-1.9794949457219082,0.9840718417071143,0
-1.9077261993620511,1.087446082619646,0
-1.8861184834900515,1.1089725530140435,0
-2.3386625006130286,0.922185793047682,0
-2.370468237030583,0.9158633342662028,0
-2.454026841947039,0.9290772615380953,0
-2.091445941536899,1.0996844760061621,0
-2.1745160043392096,0.9708653789497561,0
-2.194275806600451,1.0126644365971071,0
-2.1460279126052435,0.9975576636534009,0
-2.2154628694406697,1.0187473805547949,0
-2.205220163089231,0.8364055262705233,0
-2.0229380963464245,0.8138232067146489,0
-1.5070330117704436,1.1511606850419283,0
-1.9094170208201553,0.9928885919853343,0
-2.0921092906697396,0.9762113859316465,0
-1.9713298457905497,0.974481362750891,0
-2.242754423041244,0.9967196720008917,0
-2.0110051085807124,1.0319865543534599,0
-2.309406491875319,0.9770482514299246,0
-1.686074655020828,1.0934720054250677,0
-2.17805626865847,1.1080299845081962,0
-1.5016373751876892,1.0737102285102038,0
-1.9462974394455488,0.9990189529008312,0
-1.8528936759880084,1.100295160019961,0
-1.7765927104665724,1.1175684316950847,0
-2.3582970192387553,1.0725665674243918,0
-2.235014591063837,0.8818320969415454,0
-2.1655833699292364,0.9471130038590536,0
-1.7571325048546034,0.964587888803576,0
-2.204856874900504,0.9156882826952053,0
-2.2565848589904904,1.0151607981738369,0
-2.103800735015584,0.9837125727122676,0
-1.8139645733633611,0.9669520027675037,0
-2.1970828778182363,1.0312697382730305,0
-2.3146839788869573,1.0521096378498647,0
-2.122232537132453,0.8361513644814418,0
-1.8830941679991076,0.9873639051828822,0
-2.1051151591405386,0.9602976396917315,0
-2.14952930762476,1.014590308302119,0
-1.6535932372989293,1.134430285944853,0
-2.1817596346173835,0.8997164232833085,0
-2.1585225774518486,0.9623243993357786,0
-2.1053976347611867,0.8979025217277246,0
-2.036417512518007,1.1217891567399156,0
-2.1400166021368543,0.9831276552860649,0
-1.7057242102740118,1.0984851990598055,0
-2.102156882141631,1.0066985812266318,0
-1.8537931320854615,0.8598143099553316,0
-2.145215416084488,0.959381935017088,0
-2.172549413298202,0.8062968720791819,0
-2.094654034022969,0.918215946129765,0
-2.057823626712812,1.0208931164891537,0
-2.149743480712295,1.1106096296647714,0
-2.10976244191109,1.0879229134643265,0
-2.0693448827213303,0.954089572638947,0
-2.2555157132202384,1.0162801824689418,0
-2.516764143037985,0.885308378232444,0
-1.8141150455381598,0.9350506142492354,0
-2.094664151135989,1.068214561052089,0
-2.2406658098246583,1.0460215902779881,0
-2.2134235981208197,0.9927355171185912,0
-2.4699611660700334,0.9596616220848274,0
-2.2423540667910404,0.9350732496736307,0
-2.01743629793174,1.0020520508828799,0
-1.927924374452733,0.8719340518229336,0
-2.1741921167240674,1.0555800307556853,0
-2.0209562716959444,1.0098295715557568,0
-2.1928454438641207,1.0805360925617693,0
-1.862425890366674,1.0258908128493098,0
-2.4231523156982364,0.8042195988269909,0
-2.3134880276623977,0.9655350507120846,0
-1.9600166866358748,1.0350950884821415,0
-1.8907386802448796,0.9755387397245868,0
-2.1294412743313833,1.0075128410675784,0
-1.8971651057637304,1.1027322550408332,0
-2.2638045150029957,0.8513283500182989,0
-2.003353084140737,1.0170505180820928,0
-2.324327957085316,0.9857364511909334,0
-2.3073217314342096,0.9079759042110404,0
-2.0539053725626273,0.8416181376811285,0
-1.9768679690484279,0.9772359497019042,0
-1.7775488158155324,0.9182320272133071,0
-2.3851625608109233,0.9984531249033701,0
-2.0572327015940304,0.9610298708404078,0
-2.4988830223023952,0.8186788109904463,0
-2.380087294710555,0.93617434517214,0
-1.8138541929519374,1.0743513747010167,0
-2.039987207528716,1.0007752797084688,0
-1.6938981213637527,0.8893162736428185,0
-2.015845648397982,0.9957607136992516,0
-1.7095465592702843,1.1201490049520981,0
-1.765307046478869,1.1054512784220667,0
-2.2008035017509298,1.0402264617189643,0
-2.041748368645486,1.0683452876157797,0
-2.0427747195504016,1.0890374674763017,0
-2.335982273081284,0.9380138298681262,0
-2.018673831001614,1.0375345493587755,0
-1.779489701419052,1.0264332622837966,0
-2.5620469056615627,0.9481689780161727,0
-2.3738223335642044,1.0094944215106456,0
-2.154453486665425,0.9011507267689657,0
-2.085409280756285,1.0158924329540837,0
-1.9968060181258969,1.0562516314854624,0
-2.148783642820244,0.9538043226604286,0
-2.0602759893076423,1.0446508558883005,0
-2.0982934519962395,1.1054422819299516,0
-2.1238495117980043,0.9214082472900962,0
-2.15690468174887,0.995087296112706,0
-2.088398146491868,1.0849695592585546,0
-1.9812929205839753,0.84061340937482,0
-2.1195527827015845,0.9516705086075234,0
-2.2012503029135755,0.9997515712159859,0
-2.0651607011169677,0.9696728374012772,0
-2.1181773237499772,0.9489398185225857,0
-2.126545461753258,1.0122700693669593,0
-2.1301009597843104,1.0078327351069767,0
-1.990491972946175,1.1152364982276233,0
-2.434915430856214,0.7496604034917909,0
-2.2904758099198332,1.027272200591334,0
-2.040303367103153,0.8866931927748123,0
-1.978307650570417,1.0455869924320749,0
-2.4974247854900784,0.992221864291187,0
-2.2213922788044487,0.9812767288731805,0
-2.1761326028109558,0.9745555516162684,0
-2.252074301319515,0.9992094546097092,0
-2.604939564624328,0.9892674346158181,0
-2.1434663239016447,1.0023159644272481,0
-1.6825357659973734,1.0636662157330545,0
-1.9169282234473601,0.962848968818159,0
-2.2136093021080634,0.9774491223576649,0
-2.076488453177339,0.9068113307782972,0
-1.8174805900199809,0.9890319714579131,0
-2.1251888184694674,1.0082547142895937,0
-1.9763280054217254,0.9746828009227433,0
-1.8799179772508865,1.0119321746875536,0
-2.052600611341861,0.9278657350500714,0
-2.3141200421202264,0.930692672195654,0
-2.7809176976833077,0.916331560451441,0
-1.8542558837809109,0.9964757900866018,0
-2.2183631487402264,1.0144637310952553,0
-1.9214654487357017,1.0533688123362979,0
-2.111439298798494,1.0115443708342855,0
-2.420513531473803,0.8801129902997482,0
-1.7786031780674354,1.0187906519663363,0
-1.9893580975420297,0.9634696967192989,0
-2.0324637943118686,1.0365844509329853,0
-1.9554463490648548,1.037234869409709,0
-2.337565330187171,0.9153993237590502,0
-2.281222025948941,0.9800669163077307,0
-2.4401966138415876,0.9286766961276961,0
-2.1866013022096715,1.080189224348651,0
-2.1780433731848965,0.9890944201252669,0
-1.9278096833318294,1.0573026332354425,0
-2.2804651507393143,0.9823690068950932,0
-2.048833608385333,1.0417141108739048,0
-2.064355366633902,0.8536781923547807,0
-2.1370960593739654,0.9501909362535275,0
-1.4428877503732596,1.0906198721201743,0
-2.063331208706854,1.0341707795065729,0
-2.186754462161653,0.9706542704169567,0
-2.0144596265064876,1.0664627470171006,0
-2.261504125336748,1.0290669424617935,0
-2.0854468866898603,1.0217092901970346,0
-2.0054692293432064,1.155741594471653,0
-2.2856687914174305,1.0551200817716069,0
-2.162935685879128,1.0023743784534458,0
-2.049752259676542,0.9582359048232456,0
-2.1528166744491366,0.9389272232241188,0
-1.8622055578431815,1.0578991876073522,0
-2.1000416536901305,1.033857320705623,0
-2.2650765689174333,0.7872679879253408,0
-2.1206080118849373,0.9544472483373608,0
-2.113086150657009,1.0790028578108177,0
-2.151519873460599,0.9766084786673164,0
-2.3149455967081893,0.9790958747215281,0
-1.9897457847520896,1.0467947563084588,0
-2.115742283849598,1.026927628543274,0
-2.1615032711848308,1.0576583406857212,0
-2.1466149680655446,1.059528362169327,0
-2.146840590226497,0.9785927691151406,0
-1.8626369378933243,1.0744112466581437,0
-2.059243323172341,0.8995291235757917,0
-1.8690788391285025,0.9146695030982959,0
-1.9721987216889463,0.807607003649569,0
-2.400203553588265,0.8816514670742082,0
-2.3044050757919443,0.9830190842459097,0
-1.4689260530091601,0.9828984738573966,0
-1.8073851142136255,0.9402435203555873,0
-2.270677729355336,1.0892531090443056,0
-2.098216779241906,0.9995333032852668,0
-2.099254093997668,1.035414682422776,0
-2.1864766121366506,1.0301629429370844,0
-1.9053869248162478,1.0149002981360606,0
-2.2720294592860113,1.0484627279809111,0
-2.2921807421939486,0.9797235512822857,0
-2.1789701163045976,0.9562922586103526,0
-2.421965053543891,0.9864725521615061,0
-2.0154377308944387,0.9876317459824132,0
-2.079254747993526,1.043259487490969,0
-2.3073953423975553,0.9676309814753137,0
-2.0205495036217664,0.9966322118541856,0
-2.291455048974039,1.020682915560111,0
-2.379081628438577,0.9742930718062591,0
-2.1999404678646486,0.863304211347662,0
-2.1298287806797767,0.9949811671359323,0
-2.175677478344758,1.0025840165588338,0
-2.590472562035484,0.8486525313106837,0
-2.069250411390524,0.9914976314470033,0
-1.9121492340207233,1.0793837809708735,0
-2.0983404718203307,0.9997789916559514,0
-2.422426197390099,0.9049865508099828,0
-2.097606635462529,1.0177469511224788,0
-1.8937514730364042,1.134997919133611,0
-1.787381596828696,1.0283102970856808,0
-2.268133289310294,0.9752602056034685,0
-2.033223728994486,0.9371120213697285,0
-1.902206583071209,1.0342225587949165,0
-1.9534559172951234,0.9628750739020832,0
-2.0340187171764206,1.0224194705808998,0
-1.9509050152670835,1.0417721750231437,0
-2.1794449105023084,0.8606587140022841,0
-2.1432913671799367,0.9630311743586027,0
-2.3836487455557562,0.9851935395786648,0
-2.0021276037188636,1.0448420241061187,0
-2.031105093324316,1.104697863652601,0
-2.2421725619986943,0.8958990466745786,0
-1.8155962504723475,1.100848281306795,0
-1.8553569181669658,1.0165571313198987,0
-2.032019123020319,1.1116626227225617,0
-1.8911714458363198,1.0553471961507277,0
-1.8658253689357,1.0372868999175024,0
-2.2739522593812524,0.971976348004125,0
-2.066924272958204,0.9895811289366157,0
-1.9397409984718057,1.1161962242533165,0
-2.0396057390799514,0.8435210048476012,0
-2.3731506468350076,0.9155120366022413,0
-2.0991388093076777,1.0464286702859753,0
-1.9700806054143014,-0.8384334559988116,1
-0.0034164557637626244,-0.134541698736831,1
-0.7032066143636683,-0.6040385627169884,1
-0.44850496119398914,0.021581264830555617,1
0.43497094463717334,0.11384483239568415,1
1.0022651574203136,0.013352191326036126,1
-0.03927539151772069,-0.18040374700527248,1
-0.28569584256752334,-0.30049142174050714,1
-0.889045877971503,-0.20054943416277246,1
-0.23787444059119353,0.042530205762999235,1
0.43905388018592384,-0.25119299204710355,1
0.024719084536362537,-0.11838423864959596,1
-1.429545056690183,-0.2361067335494836,1
-0.5647114763370819,-0.014555726829184792,1
-0.3209041219326326,-0.13812112052404169,1
0.07050088465223084,-0.45488379028691633,1
0.09754044657785675,-0.0967065895702143,1
-1.5325841643519904,-0.3943992985038805,1
0.21866740442174307,0.1172296019028119,1
-1.0399690044136745,-0.10117099418866352,1
0.24624233780602808,-1.1203102991841858,1
2.0314072558853375,0.17343859855695795,1
-0.5073955059698132,-0.8531590845631165,1
-0.11466349771941048,-0.4694318161009726,1
0.6884541763880817,-0.06765086775672617,1
1.9752715936637204,0.19579184815681155,1
0.372751884046193,0.3133012738716827,1
-0.07732383587547563,-0.08104614218025163,1
0.001430980929172706,-0.13401152645087164,1
0.368589384429347,-0.09080544912186374,1
0.6904568364420143,-0.1442881059827741,1
0.521245670461974,0.19515149982929803,1
-0.8461959045342671,-0.0006156740037805015,1
-0.09105919136417781,-0.18828566621281892,1
-1.0213080305100706,-0.14618148652048424,1
-0.23390662245586213,-0.09106159107252702,1
-2.6275400439174406,-0.31538522864738144,1
-1.7365301153119643,-0.500215475484744,1
0.5761628696498905,0.008061679500111258,1
0.516203552603447,-0.3139579322365796,1
-1.9101902292517619,-0.7858096595975711,1
0.6882128764517117,-0.022051864959545014,1
1.7056622626720643,0.10114418243458173,1
-0.4254735450438991,-0.5494353683613226,1
0.23367344436639761,-0.47436877784809683,1
-0.28178181472388747,0.025125606523081885,1
-2.4212422225884844,-0.5318589227563619,1
1.4633150255570073,0.14792088242567897,1
-1.5970678458894192,-0.6794956642441344,1
0.5411510405426495,-0.2053252872628955,1
-0.02016473085834353,-0.46969413902223317,1
-1.2699531545917224,-0.6006134526787804,1
0.6360228860264603,0.16554349110855077,1
-0.17500963495341298,0.04139351538298084,1
-2.0957668962797737,-0.2655479804813026,1
-0.7454574520778143,-0.14637350980231975,1
1.2018001988635771,0.0024195435591863545,1
0.43367235648869346,0.11499609195778944,1
-1.9938690874031035,-0.5504167076694185,1
2.884482471498493,0.5956625406829411,1
-1.155717841778301,-0.6187085626733207,1
0.5364654012997871,-0.09428109887825835,1
-2.369424259673602,-0.18472071196083428,1
0.1835285346778983,-0.4952394462762209,1
0.46282195573587154,-0.21628506426344604,1
-2.2225063481856555,-0.7312086935099074,1
-1.9594102210785296,-0.42340836030639395,1
0.5218336778967209,-0.48516323608901357,1
1.9983037375124715,-0.022659230058022506,1
-0.7197707627060392,-0.4592576191131606,1
1.6175311832919614,0.20632625795452356,1
-0.8936602552859286,-0.5600749676707605,1
0.6179756335146392,-0.09196889332395489,1
0.6351264722958705,-0.5922990679788663,1
-0.4675617843605162,-0.004236808677383101,1
1.9549415932197032,0.13666206101870856,1
-0.47672732600136614,0.12078877472682431,1
0.4497469881883867,-0.018463112126288574,1
-1.5611842978614394,-0.3005978234814049,1
-1.4277331560794282,-0.9107708392808246,1
0.08130720456258234,0.09418825471761125,1
-0.15276572783660955,-0.1861603090670342,1
-0.5855842006290309,-0.17730318479783125,1
1.3515952251129317,-0.1882992250701739,1
-0.7103948325191717,-0.0072363835822876225,1
-0.9382094594383655,-0.6518872452832585,1
-0.809861701157975,-1.032129434113932,1
1.1672029017905963,-0.17272814696485708,1
-1.2272879996889425,-0.17118057819700247,1
-1.2119231881405013,-0.24715028537633363,1
0.91602594600303,-0.5688457568161503,1
-0.5548466351959256,-0.5161746250746332,1
-0.25413422480118064,-0.20862803652287237,1
-0.028008916701844997,-1.5871137577313064,1
0.6004091277157713,0.04703948019979821,1
-0.3213547055908942,0.1250218380125343,1
-0.35326393853987514,-0.19461644617691778,1
-0.4152870398497458,-0.06456393550718022,1
1.8462501692871434,-0.033877546845528995,1
0.3356034278605537,-0.3253022844365364,1
-0.9698999934614956,-0.38080417789537824,1
1.3985695530707212,-0.47834006206602886,1
-0.8458458848660573,-0.4795711041087869,1
-1.5772526631467692,-0.24799656899083244,1
0.032776250333563545,-0.13779038667200005,1
-0.9025706871431015,-0.4903360593312684,1
-0.05556363556697319,-0.410839350873692,1
0.686630997533998,-0.17710172225340212,1
-0.7373183101043416,-0.19032978326787894,1
0.6225384206765064,-0.016521245874898196,1
0.3783618313562652,-0.054840698015316804,1
0.39281050575877874,-0.11065915876529907,1
-0.8521035259342622,-0.017004381751936963,1
0.5483100075088627,-0.33546899484891723,1
0.6833646899738409,-0.21084692735187782,1
-2.0879930705265815,-0.7003741136124775,1
0.4128589195142243,-0.3092247276161591,1
-0.6580508054100563,-0.25664078838329524,1
-2.7690101391706383,-1.0697800980482979,1
-1.0741223809085172,-0.4067914062637677,1
-0.26593223106897246,0.009364501674825677,1
-1.3435675030369512,-0.6351668508451427,1
-0.9962940342509726,-0.4085573637319032,1
1.5098934895442375,-0.07605677778343872,1
-0.37490802471678764,-0.2774200430287449,1
-0.8890086779545651,-0.44381003116373824,1
0.38034075183544075,0.0773578427054564,1
0.2525591567710363,-0.4076513665600612,1
-0.4925593980385988,-0.2886251898327659,1
0.9365280233159478,-0.20594773633704652,1
-0.23539950395235734,-0.26277125469783985,1
0.02357154161328853,-0.3482482337184195,1
-0.9224119670783709,-0.31200443006557216,1
-0.8580254844165539,-0.5443503881416628,1
0.25346756632251677,-0.09372853592831633,1
-0.6457650161058486,-0.11789897483264129,1
-0.5019490655011721,0.06736828478663456,1
-0.3558889489235365,-0.05848777987075281,1
-0.8680956222328118,-0.24382995491836978,1
1.9775570538049927,0.2048816291364424,1
-0.9846396803403118,-0.5008530082720563,1
0.9962446481810144,0.22527204248445165,1
-0.5337026268885362,-0.01828826404626457,1
1.1196100484591414,-0.09884649580509411,1
-2.1731641056776505,-0.5674609997235347,1
0.4984366932467122,0.11134755849920934,1
0.3093272661237566,-0.15552551069250212,1
0.5100503269525246,0.2097572401268721,1
-0.4967204780213173,-0.25385359364663157,1
-2.3425291448765693,-0.5782514031014093,1
-0.4784638869887817,-0.04131804892139521,1
1.9313996029920837,0.16211617457502236,1
-0.5623841486372378,-0.4096373322170777,1
-0.6561560974882461,-0.3506239113591598,1
-1.5845767095980545,-0.18729297374583315,1
1.0318398733859886,0.10678031407207965,1
-0.882261275887849,-0.27585158562646783,1
2.369108375133148,0.23918411454998686,1
0.05850079228559571,-0.29551038414243547,1
-2.4045452523509,-0.2864076628606801,1
-1.3726808426842263,-0.18538099028303875,1
1.2958223174590517,-0.02322258864268841,1
-0.4183928616937046,-0.3630308452355793,1
0.35567145743964046,-0.4644903508673321,1
0.707038675666877,-0.34208336765926467,1
0.6067334827862624,0.008754258354994786,1
0.9219814475139922,-0.47133335147722855,1
-0.39418276307439676,-0.299591322723066,1
-0.5186921936935408,-0.20701546866762893,1
-0.783984612278563,-0.5828452582867588,1
-0.2052299280125085,-0.5139507780294054,1
-0.40420179999897726,0.12255193751714206,1
2.11329244525027,0.3272246522170131,1
-0.17741777526431488,-0.449465279222974,1
-0.0011936838021698625,-0.19900408627576474,1
-0.3097470531987666,-0.35163327771626024,1
0.2898298082515616,0.12386767400569935,1
-0.13945092127404513,0.12062000462050457,1
-0.15083744413636904,-0.37845027464324454,1
0.9485768247547292,0.02771300860174918,1
-0.4013313084751554,-0.3217733066906431,1
1.3511397038158428,-0.07349358892306423,1
-0.976837084863356,-0.5099993510751796,1
0.6471777612000846,-0.383212626632086,1
1.1628474392693187,0.0960931238406195,1
0.034560344268359744,-0.12076037716993133,1
-0.19716147592802935,-0.7070663085916772,1
-1.6530528474215083,-0.6260527214523461,1
-0.27657633263140163,-0.0026189524822947956,1
-1.287726443620364,0.09475841669594247,1
-0.4565369730966838,0.26528016305543106,1
-0.48561195258708084,-0.21850400959624242,1
-0.3983481727924631,0.2430513531917998,1
-0.8920820290023109,-0.4361802924474295,1
-0.05947428292766538,-0.2498114846815096,1
-0.4657679349060792,-0.5913007378112403,1
-0.02916111958852777,-0.7182540351513222,1
-0.9442774355861866,-0.37457493737474157,1
0.5149620259862441,-0.35620640842736734,1
0.09583079198365954,-0.2820174422749444,1
1.2737350621528138,0.11578235178509917,1
-1.0792566541190558,0.38835175445926834,1
-0.5940501839409965,-0.5691176405521636,1
0.8477484141531955,0.15754329833806988,1
1.9341942109699621,0.18585470500674975,1
0.8804016686732732,0.15810136787072648,1
-0.039113800441067326,-0.4188802434312558,1
0.031803296716368334,-0.04553596619087328,1
-0.8469871430124276,0.009768416399862742,1
0.015499280253449984,0.25584704034071487,1
0.06099450072587234,0.021799992549931056,1
0.03983288620514333,-0.4727681152158578,1
0.1520322494139928,0.08138549806578367,1
-0.48054351754072483,-0.0007946773643862512,1
-0.07030559239872103,-0.1497974944630281,1
0.07315217516910574,-0.40367561727650314,1
0.8510434475056632,0.010413503237754156,1
-0.9043073792714744,-0.4129230646629481,1
-0.8116642936657318,-0.48607886052493654,1
-0.21624175438437368,-0.17084793172410945,1
-0.40167106162018135,-0.50643119782663,1
0.1678668421349769,0.012867140567417173,1
0.45168844387160273,0.10075264477824189,1
0.30767505593656663,-0.28913178894273706,1
-0.6123381795147389,-0.10883789290002215,1
2.909284745278908,0.341919818148013,1
0.5981626070521369,0.3756668780324278,1
-0.6642670229027403,-0.20709562405340043,1
-0.3963429182183778,-0.34522096189369017,1
-0.41636338199472583,-0.5758306088663596,1
-0.21655410516660953,-0.3641903100481191,1
-0.33436126720584003,-0.6969189230512064,1
-0.3087840515249657,0.06089400651801822,1
0.1644848242168727,-0.20412754096069105,1
-2.152346605980479,-0.20361439695042868,1
0.1528296770020054,-0.32407735811044786,1
-0.014554681786390553,-0.13574988933109833,1
0.5908018668934212,0.05637032389122746,1
-0.3606674743461832,-0.18742759268479775,1
1.4633706525532426,0.22886311058465564,1
-1.42264979782106,-0.49656260064859664,1
0.5724270984469813,-0.20854067049449826,1
-0.27242760987965037,0.43012047179396157,1
-0.7855752312017261,-0.5650643913618297,1
-1.1894511107777006,-0.08113498202676848,1
0.4259462184169567,-0.06733601126225636,1
0.3761522455259086,-0.38929026360989566,1
-0.28264539978303993,-0.1519682590235242,1
0.10094650715294123,-0.580532956210108,1
-1.452787857411497,-0.17369166632165403,1
-1.8163193476437398,-0.41803531163308777,1
1.2492142826725565,-0.20360036117787458,1
0.42369970030400045,-0.38769617965005826,1
-0.28001577993749255,0.15097078078459186,1
-0.813919522353741,-0.35817233390156594,1
0.49811469597725594,0.04081974161349282,1
-0.4916722799784598,-0.3570701090720594,1
-0.5577113100985426,0.11330175096228944,1
0.8201343397656465,0.06747724979310601,1
-1.9679095715575015,-0.004906843056529126,1
0.4178081035902013,-0.08030001616506303,1
-0.031131519310169695,-0.5284121987196175,1
-1.0903120457435738,-0.12212390132336817,1
-0.02116196041726601,-0.21885329302336337,1
0.37511690483137367,-0.12200631105682049,1
0.44504840535340384,-0.11256593397310821,1
0.44397769172225693,-0.4698824910044188,1
-0.8878992708322168,0.0884814242473029,1
-0.09857683857535218,-0.5703832529050039,1
-0.4475333703108328,-0.5222183750278835,1
0.4609839355750791,-0.5774271967012663,1
-0.5554966092555546,-0.0794362299106133,1
-0.9119175866216942,-0.7564055920368133,1
0.6416273905035959,0.29215821881436577,1
-0.19467233608223677,0.08491946813390597,1
0.3999008925903679,-0.04301548986686492,1
-2.5909084417867674,-0.2032037696542148,1
-0.7171178962733821,-0.4171065157027893,1
-0.8141791153939298,-0.45584017346872174,1
-1.2741549767536566,-0.7873832625687643,1
0.07235178229837605,-0.31933473301541204,1
0.3693430530095875,-0.5025017525282693,1
-0.6417527382614119,-0.019211008860220823,1
-0.5305729503675346,-0.39271477125145515,1
0.3996215035235445,-0.09870329477362981,1
-0.5763873102038438,-0.5812540094836576,1
1.4549258443203728,0.03751751749945413,1
1.0422768307041834,0.24534075769981853,1
-0.3308476541863289,-0.05700502106852082,1
-0.48599048357357943,-0.470779918161936,1
0.933355310087651,0.11130712938059911,1
0.44331951438829803,0.018642493545205585,1
-0.39225384684001996,-0.46721304626002513,1
0.5843206703858981,-0.0005698154689778191,1
1.7861260219359159,-0.05000954847157549,1
-1.2297199662209,-0.6316215094261555,1
1.7251763763174564,0.1784116763602326,1
3.1465959883172525,0.09144890771941773,2
2.8827466104384762,0.426443910173766,2
1.9222719809334239,0.5243278749519926,2
4.894841258458794,0.09746244052157116,2
1.526918775722866,0.07929051337389455,2
3.767403584095845,0.3200217591309283,2
4.318077021356202,0.36778289529036184,2
3.29677609805267,0.38086278118456085,2
2.906148804106683,0.17169481307251544,2
2.8087380764396825,0.40732600464286367,2
3.4228191216821884,0.4186341989412492,2
4.868012869239685,0.691400260453099,2
5.517039437932073,0.41561067240942534,2
3.0298013998886133,0.4937685131414981,2
6.133125602695151,0.8254380217047467,2
2.506910063330689,-0.5385581165666745,2
5.7988881563332155,0.6815129448546235,2
4.518532688225319,0.03701189362531279,2
3.015116634061722,-0.11966476086414957,2
3.0766419162947374,0.48393990872999504,2
5.8318585810005255,0.7105870509920623,2
2.8387994014394566,0.4477627285681219,2
2.9295619905941095,0.30505687383679225,2
4.5317937214111765,0.04661871790096951,2
2.702394318852994,0.3418266500332459,2
2.3820667059235285,-0.18413894596421623,2
2.767398481260489,-0.0071481942676410995,2
2.7205984471771716,0.25558815011695485,2
2.743040863800689,0.06977166466699067,2
4.661774154841505,0.43709881076942125,2
3.127384313584497,0.09620695205387726,2
3.0788653824827446,0.30720888254916906,2
3.3610020274544565,0.3750027691872208,2
4.188891430145958,0.22333101925692542,2
3.7258779524067074,0.36822887724581455,2
5.121114444030929,0.7930940521594143,2
6.048574073888555,0.7132685741255934,2
3.408577475831313,0.6023085962451546,2
2.6060187394737206,0.016878652337910697,2
2.9771574507513185,0.21034538518638157,2
2.1258653859443397,0.6180934763748557,2
3.7506699416504072,0.1557801823680372,2
2.6406303055426776,0.38994629098369127,2
3.5031592420118485,0.1553944424750947,2
3.5025207325386116,0.1068736737801736,2
2.730084726627164,0.45598364993512924,2
2.6549152939118676,0.1251001772233555,2
5.829797751651552,0.6887215691208358,2
3.9258781688207245,-0.102644617019198,2
3.8120898694763947,0.7810026407104447,2
2.3042641168256974,0.23754941754647535,2
2.7858091493256936,-0.3712836703807386,2
3.511293142359683,0.44161234188043996,2
3.935293020289405,0.14831704306337637,2
3.3728114201903825,0.3749755245815398,2
3.03445265345447,0.33639244744474006,2
5.710145322695238,0.8548258194691271,2
2.87745207835025,0.1020929458862561,2
3.3980052207526996,0.5345314451726424,2
4.458280151134924,0.3216626016339921,2
2.3954049966412314,0.09948596638454792,2
2.975472648014473,0.14854390333070028,2
2.6027341588590605,-0.006627935455223829,2
1.7638855674679732,-0.5899342314557284,2
2.8910465909074925,-0.041277340922683474,2
2.463641652716725,0.48884500059154784,2
2.970629182283189,-0.19662432658181245,2
1.7951346824563756,-0.01279767042709351,2
1.4061079544907387,0.27362241116379465,2
4.969939403878338,0.09714273873030076,2
5.75914323132928,0.7864910234839866,2
2.846195271005091,0.32905012630088304,2
3.057946510346299,0.5806771451618694,2
5.064527818604808,0.2638870187526862,2
2.0075908570392107,-0.2656084466388717,2
3.09524493084568,0.4585127513613406,2
2.552091280031562,-0.33220064484262224,2
1.0902118306540105,0.07844706440098047,2
2.5103730548607324,0.33220345583853117,2
2.5837288388518376,0.48794727924504155,2
2.692292549976742,-0.07303092859104408,2
3.1934401293207726,0.3320719530571178,2
3.8555448544013307,0.7725757275888158,2
4.597353620962553,-0.021697579183707818,2
2.893115705081046,0.10253592790125929,2
4.560258802973887,0.6037859335454578,2
4.5830554655975435,0.3454068462216567,2
3.1846663318944737,0.1217086252811995,2
2.8314902690197137,0.19000406824567548,2
2.558760256476365,0.1971534486225837,2
2.5790179318587674,0.30392353996443,2
2.7794058822664605,0.49789787684118003,2
2.328981100763024,-0.21157877729074698,2
3.394276071394926,-0.05096338091618992,2
4.071733727483159,0.5715409086386296,2
2.9137138895629993,0.35645953249272344,2
2.6779895300576126,-0.13217332228433454,2
5.975329487738819,0.5631942339832505,2
3.7313928565473016,-0.1327441428063681,2
3.352175836758166,0.13517863417322537,2
3.5975017705408097,0.47745064187980957,2
3.8079864105430556,0.4420215445952176,2
3.500758907059386,0.14293533742314105,2
2.316368348088641,0.25825246984511313,2
6.088068444337173,0.8176423539535923,2
3.065426496116813,0.4099784491392333,2
4.852999318479938,0.20701176015844325,2
3.1736708023571696,0.3286907910475761,2
4.826896654519722,0.12296448786360858,2
2.441913168398333,0.2577060057915327,2
1.6500169099257769,-0.15693198498436764,2
3.3887148302566272,0.30223441839342957,2
3.630543061195767,0.15983321634912823,2
2.0287069201495185,0.5418820243357684,2
3.806325239087347,0.4338880869779832,2
2.2245983984702926,0.5472531938923815,2
4.517999524139122,0.7076770791001048,2
2.924751575143347,0.145401671182242,2
3.438762168436875,0.10361674682697292,2
3.2169136016239572,0.24823498250548193,2
6.504022392735341,0.41336917527342765,2
1.886690942115957,-0.41901027850342876,2
3.5028395172681757,-0.1972586354694799,2
2.455372951911713,-0.43647686218407356,2
5.772927178374823,0.7327775277983408,2
5.588283724696736,0.47753018981332224,2
3.426287606801306,0.36765447493191133,2
1.897909883500001,0.2682405391151374,2
4.552120096587043,0.3719153281687957,2
2.2739100327257593,0.09952883776056567,2
4.558362953698153,0.5412293154592406,2
2.512986227314214,0.41258011258240684,2
3.308905113431772,0.2158447409833259,2
3.195630101476494,-0.029098816716834678,2
3.298729802435319,0.38628311687426403,2
2.583699151975786,0.43261945143815456,2
4.530602048553586,0.48162009782523524,2
3.2559656862272504,0.15814915852833136,2
5.40779244693163,0.8235959222443507,2
3.3822322052296667,0.38430537954258925,2
3.3790919207416743,0.37904499800123775,2
1.8338298439858711,-0.45615414851914815,2
2.551589438377918,0.09164203869503763,2
2.3021385957019125,-0.10089217068699234,2
1.8930470915182414,0.478453399792824,2
1.9075683393279028,0.33652828429938814,2
2.3666617497693956,0.3700653533790613,2
2.8237143496096806,0.26872591302983295,2
1.3259312028783241,0.264179072525952,2
5.706308561649165,0.6357143294147309,2
6.038214873217216,0.49196912943782506,2
2.5289502935754653,-0.2645842067759677,2
2.899857906993965,0.5072234026597982,2
2.3319526934248556,0.41256437468712054,2
3.1246907171176743,0.15392657725339376,2
3.273096378711856,0.1657233472737795,2
3.2921014582124704,0.20672297955065302,2
2.95415538873345,0.2527172295879277,2
3.451480986782083,0.029475328408241006,2
5.071225383260264,0.24257137211234214,2
3.5332979475783506,0.03450737125356134,2
3.3109168053959457,0.3317044593704968,2
2.7576254592935143,0.2168603883756547,2
3.049592172350364,-0.19666221262448672,2
5.916856781464624,0.5625682201576275,2
3.1283172656959253,0.5614149187553537,2
3.7934727529709784,0.4204215120311372,2
3.6899648070039017,0.026322542194010163,2
2.980285490120824,0.2805402052837085,2
2.866934642557087,0.354643741300127,2
4.762981596439641,0.6636008557668909,2
2.198220043068531,0.016919669577878885,2
3.1207039842026276,-0.23883828874617274,2
5.521794352950285,0.4500204568083552,2
5.120346719494099,0.4271563695735668,2
3.136936568931233,0.21945873849048753,2
4.707892019142191,0.7282699129908156,2
2.248948009352165,-0.33213600444521296,2
4.933573788756487,0.4980554135131546,2
3.0050824903533973,0.6684626622847716,2
2.2705690559155562,-0.07659861985642369,2
1.1412997036934638,-0.3246328294528948,2
2.5479134148615064,-0.2654393170053022,2
4.027729389862314,0.302665811186539,2
3.1741796430619367,-0.40083374343049943,2
4.143893256654798,0.13849529328616794,2
4.150948815266476,0.7671391963967804,2
2.9112622325922795,0.13492542609901007,2
2.961470652974348,0.16988678857829845,2
1.7529431625494596,-0.04032202766944413,2
3.6889085533697124,0.18236478080428975,2
3.0553430028042325,0.282541505706231,2
3.411211788019447,0.45934545810288685,2
3.4100727908002755,0.04120657757101375,2
3.4687282698771744,0.27342258168111017,2
3.093545317021402,0.5366597840383034,2
2.7697849082503483,-0.312051210857021,2
3.7005498100390546,0.40687069943427456,2
3.894065580533896,0.05501920764647696,2
4.531122919345314,0.8128087327622577,2
3.2578831838139704,0.07105971978249905,2
3.281775951116756,0.5403141687091767,2
2.015171784288854,0.10977484929567888,2
5.858199355871614,0.9726954691224589,2
2.9184311245007244,0.18850225743425916,2
2.7086246166131156,-0.022496482685490257,2
3.220182549113254,0.5937699925793746,2
2.626884539290843,0.38124127387965084,2
3.5557837051738264,0.517588781002381,2
3.947050085441549,0.19290057935070237,2
3.4602284594551436,0.1492073552073698,2
2.588536707348351,0.25637921486208787,2
2.425036212400172,0.26940678054203776,2
5.541888130023109,0.30619687602487844,2
2.5724328809326127,0.47560245106153265,2
3.857084881998778,0.19180734874703756,2
4.943162875723138,0.434457726696517,2
5.967489984625438,0.707207895185974,2
4.748534878934379,0.19185310677559442,3
2.4071457111167076,0.30378418274724195,3
0.020662055202245396,-0.3434549855019045,3
1.500167812372781,0.009919248283032863,3
2.7989054917164684,-0.11632195993116541,3
1.624264171699254,0.2893147427967866,3
1.6870184550715723,0.46557391593630887,3
2.2146101793116646,0.4499003005604836,3
0.5287160695079393,-0.404662903041139,3
0.25650673816530717,-0.26296499015534713,3
0.4939473692878821,-0.2899281809344872,3
2.0830346741946704,0.008174224017255906,3
2.108146811401145,0.1219538363810799,3
3.4646822666939627,0.5694046756222401,3
3.590022560042394,0.4158633004350445,3
0.36934304180986927,-0.11148821998509334,3
2.051731636544154,0.32148747436252895,3
3.285962281137641,0.5401317518667502,3
-0.3718872791557829,-0.4019350612331925,3
4.5750466133548064,0.563133080608622,3
4.085603458180181,0.44326833387196235,3
1.6038642777334233,0.17596194880304938,3
-0.16961260656133567,-0.20215257303024117,3
3.4370946784162,0.4253126420820338,3
0.29456142265501994,0.07438783960054896,3
1.8595956748150881,0.41979854316712356,3
0.5277736106705576,-0.4618855893141085,3
3.667570384125608,0.0007754920799293606,3
1.998693394773185,-0.3342582629445571,3
-0.2583812258193371,0.019282572340439955,3
2.204911620866656,0.6406023677669174,3
0.856814705893026,0.1322069483951137,3
-0.056618740508352666,-0.5318715843956416,3
1.8311224757919287,0.12895301950220478,3
2.9662195530660322,0.4560622867309791,3
1.9971600295974024,-0.7114450566918453,3
0.5091639470096146,-0.3539574668988826,3
1.4278138617089071,-0.39978820812027277,3
3.119074456482621,0.51115621201766,3
0.31262728436412085,0.04531671564447638,3
2.471388907290217,0.1446930000040759,3
0.5393304665208606,0.37288832598162097,3
0.6427630537819959,-0.03852691069080833,3
2.5423441029647114,-0.17371237381025362,3
2.1097444923408846,0.38917880029656204,3
1.1743771324066896,-0.32654536889518015,3
1.3177801519379664,0.005747170292801822,3
0.43599819940593076,-0.04047574112812748,3
3.9394099628341226,0.7800205842619209,3
0.3945997171816753,-0.11696601005583497,3
0.2501339521014283,0.0888109419064896,3
2.818889915971292,-0.010050411314203358,3
-0.2881820440058895,-0.014016794026833963,3
2.453975322809242,0.3699292079735803,3
2.9793634092069046,0.6342636182079723,3
1.8176878773846923,0.45766487057105043,3
1.2585129883897623,0.24106431907352166,3
0.6690133272013462,-0.32251863884099397,3
3.4876201284876296,0.3815394315875721,3
1.8270483708166694,0.1622801247231338,3
3.070226982411735,0.47299234864905504,3
0.7998584157289587,-0.260541217405901,3
2.5609745850904293,0.45259260962289416,3
0.6686328302784128,-0.10565332205343705,3
0.6168327175997259,-0.19006619348262574,3
4.326808766142046,0.04488820325158264,3
0.7565262276955954,-0.11267002290211686,3
0.577118449138009,0.30635244540931705,3
1.2159592221073243,0.03460261936003436,3
0.813092809694945,0.18761831797928258,3
2.516854158882564,0.49274110093694967,3
3.606587820898187,0.4384935162505647,3
2.191433118713827,0.23931459126160187,3
0.40825854183339433,-0.31440495824313747,3
3.2229363424052937,0.06466094758580421,3
3.244961951993721,0.3703765535649721,3
-0.04770709960890629,-0.3033315303804521,3
0.39674636309439776,-0.23274977728174862,3
4.029786721937963,0.5145463514545302,3
1.3162452313317121,0.05558156058684524,3
2.83225716648049,0.20681617567169286,3
0.04762798994179471,-0.6281772381122988,3
1.3650099276890566,0.0925015602685042,3
1.0315497504997293,0.12428830080922798,3
3.2702625885387384,0.23336042256147618,3
4.638257142164412,0.43863334512605545,3
0.4348217460381832,-0.2863629117284882,3
0.08858037884302249,0.12262591494503904,3
4.402561960656635,0.16890435974179677,3
3.2946748130319103,0.19008074132270023,3
0.12457461162386887,-0.6790431639668172,3
2.5702323619338867,0.02980658109080825,3
0.9423932438824035,0.00963782638967502,3
2.8136877911762026,0.2177399994102238,3
1.5787024239651846,-0.1304419041626515,3
2.693436139404186,0.2141702910901152,3
0.9566849082845534,0.019248776437358762,3
0.7374497633127198,-0.6034879952078132,3
1.3000077373749894,0.5716468757272267,3
2.895047268334062,-0.029219592506086106,3
-0.001080592530669142,-0.06670894427937031,3
-0.3083388001398529,-0.3781983668172375,3
4.713283284776677,0.3808038554451238,3
-1.1353734463664942,-0.5024887008079169,3
4.459316657854696,0.9132334071176936,3
0.8131626762486128,-0.18313820604245634,3
0.6352185405054184,-0.020202584468997194,3
2.286746363043839,0.09484992477650171,3
0.9052963758238174,-0.18981422598478725,3
0.4844428756768811,-0.2527245936637313,3
2.955637268178968,0.0009980057229856541,3
3.8794194987413886,0.6156580431895207,3
-0.19390589703592875,-0.6684811810159265,3
2.3316934707327475,0.24233732821211418,3
4.518402045268138,0.4742143519818965,3
1.864353913212075,0.45478186039498736,3
4.177361181239755,0.5224145346757458,3
2.4630408461410447,0.09752955358253405,3
3.3403567915651418,0.5401791859189397,3
0.5034646166228105,-0.12648812029572196,3
-0.09240024306667191,-0.12129809603894837,3
0.4425387433752574,-0.4984280698084591,3
0.6246790013297656,-0.032590679755604604,3
1.6327173153313972,0.29929828717753776,3
3.6804961183019342,0.6483008179972125,3
2.5677843760807644,0.3065481963207167,3
4.134113952717211,0.44624976239529496,3
1.1630730893992207,-0.22893625975359233,3
4.136388669315576,0.2493192487088536,3
0.0926243489349525,0.036989132954751446,3
3.376474233404494,0.0313934245155694,3
1.2876868195375606,-0.10049622847386001,3
0.9802927245363331,-0.5731238283312012,3
0.519988427095457,0.20471028915705608,3
1.8042867469452668,0.25420581521098934,3
1.2290563932915894,0.15702903720655098,3
0.2909555360046491,-0.5252268951097138,3
0.21764378427447095,0.028705881381405347,3
1.04266398494798,0.3351358104810557,3
0.5449217432884238,-0.30796250402415665,3
0.9255252735029925,0.1389191693788239,3
1.1147388633755166,0.03341758247224503,3
0.9032899751807264,-0.3403718807340243,3
3.8416100066613095,0.2250048283276807,3
3.0840243181733773,-0.16252220748175517,3
3.863986211154038,0.4483165984041569,3
0.5504037470081167,-0.31505181025383416,3
3.698475398377254,0.56077605593125,3
3.11755746584944,0.2671609552807439,3
0.27050475244486655,0.019292389223363116,3
0.7925397189633497,0.21812358679134622,3
2.713716305986763,-0.07006906754728955,3
-0.3313449639916902,0.09591693696758545,3
4.464972235940925,0.5286205604363744,3
0.051181972986869356,0.21255778078498888,3
0.5228843534853764,-0.033642295876860635,3
2.4629479600036794,0.32794802293358816,3
2.312760754136877,0.09306165369589202,3
0.1484548601437699,0.015883092645625378,3
4.261490860175506,0.25374386499624685,3
0.7089637258203098,-0.22368583112795642,3
0.4373484932692646,-0.26970925649914756,3
2.61619007863842,0.2271005929591088,3
0.6362406984268798,-0.1259714297203341,3
0.49749068862168566,-0.03707182704729591,3
1.165944507999194,0.005446452733150428,3
0.09042747806110307,0.23444567250204468,3
1.8741970829948038,0.29790394613375226,3
2.8231921067637633,0.4700433751299374,3
1.0284347371303793,0.08547802320463171,3
0.34482282578581847,-0.13686929604549605,3
1.6189580690459906,-0.03576603001518166,3
1.052283414286479,0.18557857701085625,3
3.6006054499862303,0.3420843062777222,3
0.25168403872617556,0.0747990483523835,3
0.28816597180524445,0.046426651402933054,3
0.18663870434303517,-0.3079240144143111,3
1.2929826650997502,0.04402468128607315,3
0.6985892031688123,-0.3279739993971172,3
0.8775509251741376,-0.126328772330039,3
0.32820471177683297,-0.22028452058765788,3
2.8044058142807016,0.43836470598904254,3
1.199364367570919,0.2051796091057109,3
0.37121806225267945,-0.03198106483244395,3
0.028729327507786753,-0.31431144004610145,3
2.120947992301897,0.01784301017499623,3
2.299194086142578,-0.20649234547328318,3
0.4483217655230571,-0.6821084213488761,3
0.009659684034119872,-0.22983479496212803,3
2.3177458924468493,0.22110667184230642,3
0.9401428997143972,-0.6075288087502232,3
3.7512307166082635,0.6235106065298883,3
2.8920848168818427,0.08341470424964635,3
1.0653754286286483,-0.22219665473747846,3
3.8063153858082712,0.4018351816086605,3
2.4422992827777112,-0.05037523418061945,3
0.715327962869549,-0.34021221163457677,3
0.44106534743922504,0.034774023720544396,3
2.5119256437344664,-0.02685926039026855,3
0.8556540074757901,0.25357979786780716,3
0.7338388645861146,-0.14676079787557245,3
3.3801141921174174,0.35499110129410655,3
0.6377125944412718,-0.25617141902651674,3
1.6000125081458383,0.15263806486302306,3
2.5602280834810793,0.14335276559613716,3
4.063543775423508,0.13301625852036822,3
2.7377717494039917,0.14995362321883873,3
1.1047285524453783,-0.005459142096264772,3
2.2457857125580243,0.3535711825680646,3
0.4137294719946337,0.06689433896720436,3
1.769329152885827,0.1991952366967278,3
3.6191372448881483,0.3613259835666778,3
1.9038954415168308,0.0742291942709144,3
0.8829098063395392,-0.26546401860044366,3
0.35885818151571874,-0.2817118386607739,3
-0.05046053489287017,-0.19083865342618667,3
3.2140648343746276,-0.15658781098289104,3
3.0558951328827004,0.3933949609496373,3
1.312050856260395,0.11411081926249624,3
3.1531790882286175,0.26458859142941865,3
3.0677227676104772,-0.00682814245533637,3
-0.04466610465916693,-0.18732149643893356,3
1.053862599348841,-0.023697842545440287,3
1.012059864758676,-0.632990314463126,3
-0.09212986613170238,-0.25437866033480055,3
1.674202974057853,-0.020885260336354725,3
-0.22985011530179486,-0.3656688425768092,3
0.39769349007940225,0.025057389278487257,3
4.392489637683913,0.2015735734577557,3
4.206605645482983,0.44583208540364017,3
2.1759861607224456,0.16680765308384327,3
1.7610402917702503,-0.20099128774128544,3
1.4345005169137688,0.43571663736571054,3
-1.1610867170244035,-0.574354224172821,3
1.9984106926818361,0.14895405869050635,3
2.238371947225046,0.038806308432778484,3
1.888242820221356,-0.07878573046469191,3
1.4003347207066474,-0.026710492484944382,3
0.575559934560013,-0.14966395208950942,3
2.608083927280091,0.017087061758953196,3
0.16354531443086895,-0.12714964401319775,3
0.5442112996645354,-0.0897882829387191,3
1.0892805915095,-0.013027620407623671,3
3.759950223979468,0.5752141800053532,3
2.5567786922370153,0.17629263079858823,3
1.1664840023279421,-0.009607509219125347,3
2.8298808271994935,-0.23298604233543818,3
0.6388495336118052,-0.04070915633991261,3
0.9733937355339206,-0.31311731566289924,3
2.8793946427575965,0.07305558719258318,3
0.701177743463333,0.23804058540320622,3
0.503314210582862,-0.001737533174158036,3
3.044692796874187,0.6408810406013479,3
1.0437131103389565,0.07487402744563078,3
0.5045212774563543,-0.1716775760315933,3
3.113925620731803,-0.15552695737475206,3
2.408985114120005,0.0705160370831908,3
-0.4476095492703865,0.6237001428102235,3
3.7997012725546737,0.7430626961959322,3
0.9351646989487463,0.156109781973741,3
3.6001626442054238,0.48835380292581015,3
3.1032818422859627,0.04280941646468322,3
2.860525211009791,0.4046443747383164,3
1.881794716942701,0.15234095432632386,3
0.6864905065340191,-0.007368054610572086,3
0.24424645201006137,0.02664722088695195,3
3.351863963341394,0.5418794313544328,3
2.8581163978565276,0.5398201618469375,3
1.1717394754129888,-0.5553541852592745,3
-0.5724952482254573,0.005905380226976894,3
1.9658325599747972,0.1210658914790582,3
2.1869820939104985,0.2151111850929899,3
0.6878699314193206,-0.10115886245138156,3
1.7940453695711283,-0.13293293958765529,3
0.02178560787200753,-0.6088655694899313,3
2.9126308659185294,0.07329643510946209,3
2.741274290215859,0.033784622663796254,3
2.9342230809584375,0.3188975277872196,3
2.7036890672073053,0.06886962969074326,3
3.653573019854082,0.8873429911850417,3
0.8965423566184875,0.2970823002477957,3
3.075012011302096,0.28301262945389705,3
0.6496676683230591,0.10909579935259689,3
0.16272067733270423,-0.5850862794956161,3
2.4076516777631047,0.3306510488461804,3
0.8926116749851508,0.14956451371218835,3
0.0859665097837032,0.024351993925933398,3
0.17921532000980406,-0.45122880351377553,3
4.374164154313358,0.32478594762713064,3
3.210248224125131,0.6175654573777997,3
2.7506290078852427,0.33627830585087704,3
2.476449936358602,0.2355185735670427,3
1.683443881200733,0.1842439406388275,3
1.2700431704539126,0.13202870816589526,3
3.8108690748989815,-0.04541068328633501,3
2.8905515789843435,0.2811848568358991,3
-2.3616994861991327,-0.21387152502450188,4
-0.006067285788233932,-6.551388772245558,4
-2.6384294122880565,-1.8924772021757885,4
-1.690814816917641,0.011439390046787623,4
-1.8290365484723228,-2.8524279047535446,4
1.114091735843163,-0.9012314054437083,4
-0.07862440645005858,-3.40139382110775,4
-1.8318446633731824,-0.457373374714846,4
-1.6814613704237116,0.37482214882919557,4
-2.3320368109010854,0.1336648984884561,4
-2.7298983097061815,-0.20658911990764472,4
-1.3964183317826122,-1.6883703920811517,4
0.1562523721120715,-4.165096077641157,4
-1.998270084894689,-0.02747790002795293,4
-3.113846589839737,-0.11189187327134376,4
-0.7034773981460064,0.05596036563815626,4
-1.9650380966570835,0.3931043903487917,4
-2.7553981128559246,-5.945186338886937,4
-4.341832100417295,-4.875600126680702,4
-0.7843998676387546,-0.8573043237089365,4
-2.313256455555647,-2.1444580487763214,4
-2.437910139990821,-2.6354999153537997,4
0.05393900819109804,-5.90938513602855,4
-2.2367658019116363,0.30279818408444836,4
-2.344123996980495,0.29625925060850294,4
-1.195199112333684,-0.2174104833245225,4
-0.5592912820622422,0.04231665986008251,4
-1.689943599242486,0.2607424609400762,4
-1.8980991214872078,-0.33793836102437685,4
-1.8386471252948247,-0.188733046048176,4
-1.2221603579985145,0.1576722573472429,4
-1.8413566256837723,-2.4761838003352823,4
-3.063642317913239,-5.943822191668319,4
-2.3387293104451823,-3.19221496332791,4
-3.502515837241279,-1.361137811464083,4
-1.871212509243885,-0.5917750803751743,4
-2.1860064871494913,0.4486159209865361,4
-1.5328333182794591,-0.29537629107180385,4
-1.1609039819484062,0.29188763591740013,4
-0.8929169087792546,0.2751340200805592,4
-1.2576579866472206,-0.796716529105119,4
-2.972610936075616,-1.6184975132020705,4
0.48298886135053537,-0.2584763299072434,4
-0.7295631657264652,-0.775213022050376,4
-1.918814604676459,-2.3494031383095244,4
-1.6115946567751471,0.130819613531711,4
-1.7169084328949946,0.15846883657377783,4
-0.9058444122053948,-0.8127975308681323,4
-2.4807713752769907,-3.638274463885993,4
-2.9587673096935165,-5.2768940625473615,4
-1.0492523505181517,0.07755844046422868,4
-2.5262026346207147,-0.26497307346641785,4
-2.089798953925422,-0.8201648751085694,4
2.008193055358759,-3.393350528053172,4
-2.8333978481941697,-6.363485099516144,4
-0.8542160038930796,-8.019840498887525,4
-1.587679246272122,-4.767681734121456,4
-1.8908535020074884,-2.3693698236830354,4
-2.080923998745343,-2.7778877288376145,4
2.2268528070472278,-3.169127988456125,4
-1.8156976673667817,-0.1640081182930094,4
-1.8926291280655416,-0.2003675833843771,4
-0.48245287785652385,-0.0675167214704027,4
-2.2129249229764287,0.31927621168679127,4
-0.9624493443322347,-1.313427317748597,4
-2.6712526916580748,-3.6024917028804087,4
-1.4414194745562199,-1.2086425024365257,4
-1.3505027891838348,-1.1212294379928447,4
-3.2666813731365396,-2.2589609658336784,4
-2.692611118633228,-0.16018680410920016,4
-2.4618090007187834,-2.3349482550858083,4
-1.8230621744296547,0.2751281440794749,4
-2.1696277947188514,-5.159386717120723,4
-1.4774637542263953,-0.5588185321104128,4
2.3927961856391367,-5.7204408704533725,4
0.14829693640355338,-2.4987654626549234,4
0.7331955585838223,-2.076738647138281,4
-1.9754758534911003,-5.084262617082767,4
-0.7982553101828,0.49459785535407375,4
-0.9397785716707339,0.27924680395569423,4
-0.9811588121785284,-3.4613239180823125,4
-1.9378846196829698,0.2748102906003439,4
-1.9232824204091834,-8.4163623905663,4
-1.7424091304828406,-1.1009283427675591,4
-2.1944833725657706,0.05778256701609424,4
-2.005223261749924,0.027307604136276666,4
-2.0522217383956933,-0.2236998674801826,4
-1.228143393492223,-0.04342828946000376,4
-2.824630648728427,-0.21047018080920865,4
-1.664740790291333,-3.9555674793428506,4
-2.347327874355221,-0.2716441135012369,4
0.12093868037801236,-0.12402581070669362,4
-1.0703231610673976,-0.08239466812874276,4
-1.759881418610583,-0.08410148862439441,4
1.7989094102928127,-5.545108015239896,4
-1.1803673815819358,0.10088551556604163,4
-2.120198587124117,0.12309011844556435,4
-2.3863339652659494,-0.08460774901685376,4
-2.7221325052657477,-5.415454086612068,4
-1.5298619062775671,0.5369064975072895,4
-2.370383839880878,-0.6887250867209279,4
-2.7440859220332405,-0.36082354332570454,4
-2.1812720819097735,0.13567205012472444,4
-1.9803210513160359,0.4949419667524281,4
-0.9580028844048949,-0.09940238551275658,4
1.7224207129542544,-2.34459984336871,4
-1.4183525632483203,-0.2933762819683754,4
-1.1811862715636783,-0.17846864178575536,4
-1.9657651028168024,0.236618368539941,4
-2.2503455171923843,-3.797705663165511,4
-2.016119202275067,-0.9751670420776877,4
-1.7795335221400685,0.41894148669908904,4
-1.6486442914123294,0.3005908798906525,4
-1.1710198584105445,0.2208690789596888,4
2.396548313620335,-3.5348090678948627,4
-1.5671916069069003,0.2281053749823263,4
-2.107157750463679,-1.4570528167205503,4
0.26706473503325856,-11.39291557879292,4
-0.5135781050936311,-2.919280792301811,4
-1.739033525389304,-0.33597988124890243,4
-1.0222692280071684,-0.18362725379411754,4
0.5372123087753398,-1.3096935256892774,4
-2.276145427806934,-3.80932465045535,4
-2.4473840526338737,-0.42728652726246075,4
-3.538397633763612,-5.735287603705654,4
-2.0265063864109254,-0.9312349529933165,4
-0.8048197956432128,-4.246562691035334,4
-1.6587531451671604,0.07863385024522254,4
-2.8312215733003554,-2.693751003225506,4
1.1582689298749165,-3.482728966694641,4
-0.20532985545126423,-2.3312036162098657,4
-1.9824838588791802,-0.6231729714727078,4
-0.6777484632365568,-1.6650239423042579,4
-2.921233061960651,-4.5829717220445625,4
-0.10530711849780594,-2.4708292516124146,4
0.2756659391759045,-3.9638715937659015,4
-1.850559816851882,-0.3784677794077724,4
-1.1611199943418438,-0.2762759422224397,4
0.5104464911899906,-12.613071433858186,4
-0.6571955631462231,-0.5645953971197163,4
-1.790431911031929,0.18700638313504722,4
-0.023945915216092382,-6.372449929952484,4
-1.6174252231465989,0.026786845622754223,4
-0.22070539671594142,-8.651567108443283,4
0.7054144079463677,-4.4949629971852145,4
0.5824802790947021,-3.429658942282348,4
-1.3974313902535818,0.38191726717133173,4
-1.923894745929154,-0.06602286051019968,4
-4.044093232141277,-4.405235081323258,4
-1.0962646954756496,0.031853314112850646,4
-1.9256827227915412,-2.0652297080493667,4
-2.1631958044972492,-0.9660091150627299,4
-2.79755861732625,-6.282557108667172,4
-1.2858658497245683,0.0033446123839145432,4
-2.0140809952742487,0.1936491565043263,4
-1.3694795598939997,-5.4882156197792735,4
-0.8563914822611104,-2.2507322202922753,4
0.8076599478479216,-3.8315422361731573,4
-1.6913515783130508,-0.3191525499598144,4
-2.5604212248419973,-0.4420196423606142,4
-1.0541635411983823,0.23020498374529738,4
-2.301502009452402,-1.8679137371271815,4
-1.127274415957276,-1.9416156340826176,4
-1.4624717495071493,-0.6743930695897137,4
-2.5601564588416514,-0.43629108068353095,4
-0.5348123274685024,0.014430711482152438,4
-2.4510133808866237,-4.102647784905715,4
-1.5535009653608274,-0.8429836537266686,4
-0.6411939192137065,-3.5876003884944487,4
-1.0602389305071735,-0.5948710645380295,4
-1.601495997195068,-3.4893788175634737,4
-1.6099546933592388,0.2427014802121329,4
-1.2576375831083504,0.14652913595489692,4
-1.8961394549898896,-0.15125911837265163,4
-1.0461189672008226,-0.7702169676279266,4
-1.0232966384455948,-1.3167735875525604,4
-3.640665248567772,-6.112334362746478,4
-1.4656877817817895,-0.675249663446169,4
-2.1799960184753786,0.2956089781056127,4
-1.8275056672427068,0.04594123823972185,4
-0.5595653338127116,-0.49614476540598085,4
-2.3492930786301796,-0.36185302341982606,4
-1.859866577791846,0.32772143807214016,4
0.2416162791586794,-3.8259419300870094,4
-2.2129679353486877,0.2068840993466496,4
-1.6580013437245449,-0.11249766769049976,4
-1.6844052936256024,0.09057991060806891,4
-2.8393786639125143,-0.5016316908591008,4
-1.5177001497461524,-2.0382995627110856,4
-0.7432037190865497,-1.468124384429699,4
-0.9377529149767352,-0.04766732515838317,4
-2.133464458647471,-1.8669883604364934,4
-2.9480392917822975,-5.07963843624232,4
-1.5454828577179052,0.2085678802133553,4
-1.623232318943617,-0.5583388041568794,4
-2.7204999588044916,-0.4722801236080928,4
-0.14594269278265326,-1.19738957753399,4
-3.2793401106416202,-2.8883849551867216,4
-2.07454104904882,-2.8849609045911166,4
-1.4226146672539364,0.5878216336694438,4
-2.5896190882368293,-4.0521328971725135,4
0.07217389203960806,-6.014947234480603,4
-0.9320953110464101,-2.996701897425623,4
-1.2914353787923245,-0.7427562338852615,4
-1.2815539132956646,-3.0934854209376343,4
-2.0811512460354074,-4.806844480370772,4
0.3263152703127936,-8.677788542757764,4
-0.709508266479156,-1.5129757607512386,4
-0.5959335710293114,-9.056403376310197,4
-2.2653418344540395,-3.2492855464720924,4
-1.408994279550543,0.5901283922637719,4
-2.292228355328771,-3.037223850652927,4
2.200580452578172,-7.460601670805684,4
-2.0941469079399844,0.2887678191223354,4
2.55690924482311,-8.267619354532977,4
-2.001045756285695,-1.9530601449834664,4
-2.7899605015182627,-4.157764189149644,4
-2.0332154744135664,-5.303192949421944,4
-1.889246139893633,-0.33115599165206344,4
-1.4429718809517098,-0.000524726011179657,4
-0.31411632194559097,-1.3150062240781004,4
-1.9434809865239742,0.09500592928796318,4
-1.9844776844726906,0.11951247959068687,4
-1.922787049016113,-1.8841206340287284,4
-1.193983284085346,0.12312080305293888,4
-1.4629750768658376,0.0710707934950972,4
-1.8085615803842374,-0.4130793432005721,4
0.09172713391472553,-3.36546795925241,4
-2.6073835184588847,-0.6124282288846179,4
-1.8182635143719355,0.05361592289198171,4
-0.9060538039517613,0.27399310864553167,4
-1.1487975824937675,-0.41574825446390734,4
-2.9995863827674145,-1.8758546298068264,4
0.19555258359263422,-6.103698842880545,4
-1.4837354894579606,-1.0102018141241202,4
-2.2549162385843053,0.3034920861765413,4
-2.205392475784628,-0.0996012157679673,4
-2.465461396314705,0.22621070907142693,4
